{
  "project_info": {
    "project_number": "405993155207",
    "firebase_url": "https://instagramclone-8908d-default-rtdb.firebaseio.com",
    "project_id": "instagramclone-8908d",
    "storage_bucket": "instagramclone-8908d.appspot.com"
  },
  "client": [
    {
      "client_info": {
        "mobilesdk_app_id": "1:405993155207:android:a9eebbfd6a25cb0b3f2622",
        "android_client_info": {
          "package_name": "com.example.instaclone"
        }
      },
      "oauth_client": [],
      "api_key": [
        {
          "current_key": "AIzaSyBqC5omB0Wyh2ssdvl0-THwtXhNhlo4FK4"
        }
      ],
      "services": {
        "appinvite_service": {
          "other_platform_oauth_client": []
        }
      }
    }
  ],
  "configuration_version": "1"
}